{
  "event_to_cluster": {
    "GW150914": -1,
    "GW151226": -1,
    "GW170104": 0,
    "GW170809": -1,
    "GW170814": -1,
    "GW170823": 1,
    "GW190403_051519": 3,
    "GW190408_181802": 0,
    "GW190412": -1,
    "GW190413_052954": 3,
    "GW190413_134308": 0,
    "GW190421_213856": 2,
    "GW190426_190642": -1,
    "GW190503_185404": -1,
    "GW190512_180714": 0,
    "GW190513_205428": 2,
    "GW190514_065416": -1,
    "GW190517_055101": 1,
    "GW190519_153544": 3,
    "GW190521": -1,
    "GW190521_074359": -1,
    "GW190527_092055": 0,
    "GW190602_175927": -1,
    "GW190701_203306": -1,
    "GW190706_222641": 2,
    "GW190707_093326": -1,
    "GW190719_215514": 3,
    "GW190720_000836": -1,
    "GW190727_060333": 0,
    "GW190728_064510": -1,
    "GW190731_140936": -1,
    "GW190803_022701": 1,
    "GW190805_211137": 3,
    "GW190828_063405": -1,
    "GW190828_065509": -1,
    "GW190910_112807": -1,
    "GW190915_235702": -1,
    "GW190916_200658": 1,
    "GW190924_021846": -1,
    "GW190929_012149": -1,
    "GW190930_133541": -1,
    "GW191109_010717": -1,
    "GW191126_115259": -1,
    "GW191127_050227": -1,
    "GW191129_134029": -1,
    "GW191204_171526": -1,
    "GW191215_223052": -1,
    "GW191222_033537": 3,
    "GW191230_180458": 3,
    "GW200128_022011": -1,
    "GW200129_065458": -1,
    "GW200202_154313": -1,
    "GW200208_222617": 1,
    "GW200219_094415": 0,
    "GW200220_061928": 2,
    "GW200220_124850": -1,
    "GW200224_222234": -1,
    "GW200225_060421": -1,
    "GW200306_093714": -1,
    "GW200308_173609": -1,
    "GW200311_115853": -1,
    "GW200316_215756": -1,
    "GW200322_091133": -1
  },
  "cluster_summary": {
    "-1": {
      "n_events": 40,
      "mean_nu": 178.09667841978063,
      "std_nu": 17.243431514508597,
      "mean_tau": -0.003131103515625,
      "std_tau": 0.0026732492649288197,
      "events": [
        "GW150914",
        "GW151226",
        "GW170809",
        "GW170814",
        "GW190412",
        "GW190426_190642",
        "GW190503_185404",
        "GW190514_065416",
        "GW190521",
        "GW190521_074359",
        "GW190602_175927",
        "GW190701_203306",
        "GW190707_093326",
        "GW190720_000836",
        "GW190728_064510",
        "GW190731_140936",
        "GW190828_063405",
        "GW190828_065509",
        "GW190910_112807",
        "GW190915_235702",
        "GW190924_021846",
        "GW190929_012149",
        "GW190930_133541",
        "GW191109_010717",
        "GW191126_115259",
        "GW191127_050227",
        "GW191129_134029",
        "GW191204_171526",
        "GW191215_223052",
        "GW200128_022011",
        "GW200129_065458",
        "GW200202_154313",
        "GW200220_124850",
        "GW200224_222234",
        "GW200225_060421",
        "GW200306_093714",
        "GW200308_173609",
        "GW200311_115853",
        "GW200316_215756",
        "GW200322_091133"
      ]
    },
    "0": {
      "n_events": 7,
      "mean_nu": 186.3553272854412,
      "std_nu": 3.5296347489640754,
      "mean_tau": -0.0006975446428571429,
      "std_tau": 0.0005602113003700128,
      "events": [
        "GW170104",
        "GW190408_181802",
        "GW190413_134308",
        "GW190512_180714",
        "GW190527_092055",
        "GW190727_060333",
        "GW200219_094415"
      ]
    },
    "1": {
      "n_events": 5,
      "mean_nu": 178.09581837650074,
      "std_nu": 1.850468634778472,
      "mean_tau": -0.003857421875,
      "std_tau": 0.0005437269885576192,
      "events": [
        "GW170823",
        "GW190517_055101",
        "GW190803_022701",
        "GW190916_200658",
        "GW200208_222617"
      ]
    },
    "3": {
      "n_events": 7,
      "mean_nu": 182.5557665819984,
      "std_nu": 2.6960917855566398,
      "mean_tau": -0.0006277901785714286,
      "std_tau": 0.0003883764203982995,
      "events": [
        "GW190403_051519",
        "GW190413_052954",
        "GW190519_153544",
        "GW190719_215514",
        "GW190805_211137",
        "GW191222_033537",
        "GW191230_180458"
      ]
    },
    "2": {
      "n_events": 4,
      "mean_nu": 172.790206554723,
      "std_nu": 1.4941004153506001,
      "mean_tau": -0.00054931640625,
      "std_tau": 0.00026604607809696496,
      "events": [
        "GW190421_213856",
        "GW190513_205428",
        "GW190706_222641",
        "GW200220_061928"
      ]
    }
  },
  "n_events": 63,
  "n_clusters": 4,
  "n_outliers": 40
}