{
  "event_to_cluster": {
    "GW170104": 0,
    "GW170823": 1,
    "GW190403_051519": 0,
    "GW190408_181802": 0,
    "GW190413_052954": 2,
    "GW190413_134308": 0,
    "GW190421_213856": 3,
    "GW190512_180714": 2,
    "GW190513_205428": 1,
    "GW190527_092055": 2,
    "GW190719_215514": 0,
    "GW190727_060333": 0,
    "GW190803_022701": 1,
    "GW190805_211137": 0,
    "GW190916_200658": 1,
    "GW191222_033537": 3,
    "GW191230_180458": 0,
    "GW200208_222617": 1,
    "GW200219_094415": 2,
    "GW200220_061928": 0
  },
  "cluster_summary": {
    "0": {
      "n_events": 9,
      "mean_nu": 180.91137899886937,
      "std_nu": 7.335953778472531,
      "mean_tau": -0.0006239149305555555,
      "std_tau": 0.0005532790270825504,
      "events": [
        "GW170104",
        "GW190403_051519",
        "GW190408_181802",
        "GW190413_134308",
        "GW190719_215514",
        "GW190727_060333",
        "GW190805_211137",
        "GW191230_180458",
        "GW200220_061928"
      ]
    },
    "1": {
      "n_events": 5,
      "mean_nu": 171.32183002416204,
      "std_nu": 6.2480672882554025,
      "mean_tau": -0.00498046875,
      "std_tau": 0.0022777155839239457,
      "events": [
        "GW170823",
        "GW190513_205428",
        "GW190803_022701",
        "GW190916_200658",
        "GW200208_222617"
      ]
    },
    "2": {
      "n_events": 4,
      "mean_nu": 174.5814091427709,
      "std_nu": 4.176477431117533,
      "mean_tau": -0.001220703125,
      "std_tau": 0.00029900997836708714,
      "events": [
        "GW190413_052954",
        "GW190512_180714",
        "GW190527_092055",
        "GW200219_094415"
      ]
    },
    "3": {
      "n_events": 2,
      "mean_nu": 150.7249585272639,
      "std_nu": 4.685902013356838,
      "mean_tau": -0.000244140625,
      "std_tau": 0.0,
      "events": [
        "GW190421_213856",
        "GW191222_033537"
      ]
    }
  },
  "n_events": 20,
  "n_clusters": 4,
  "n_outliers": 0
}