{
  "event": "GW191215_223052",
  "gps": 1260484270.3,
  "distance_mpc": 1930.0,
  "used": [
    "H1",
    "L1",
    "V1"
  ],
  "flow_Hz": 20.0,
  "fhigh_Hz": 350.0,
  "tau_band_Hz": [
    35.0,
    250.0
  ],
  "nu_band_Hz": [
    30.0,
    350.0
  ],
  "tau_hl_s": -0.002685546875,
  "TAU_SCALE": 1.0,
  "SCALE_EJ": 1.0,
  "PEAK_SCALE": 1.0,
  "E_internal": 5.37687650925868e+47,
  "energy_J": 5.37687650925868e+47,
  "msun_c2": 3.008635759865653,
  "nu_eff": {
    "nu_eff_energy": 204.97961381062947,
    "nu_eff_energy_raw": 204.17861362578387
  },
  "bw_all": {
    "f10": 69.23259969572328,
    "f50": 217.87636496610025,
    "f90": 306.9307291562248,
    "dnu_80": 237.69812946050152,
    "mu_f": 204.17861362578387,
    "sigma_f": 92.87867302358984
  },
  "bw_nu": {
    "f10": 70.29119163805599,
    "f50": 218.76577789260352,
    "f90": 306.9400411643495,
    "dnu_80": 236.64884952629353,
    "mu_f": 204.97961381062947,
    "sigma_f": 92.32843352375058
  },
  "freq_Hz": [
    20.00081383519837,
    20.83418107833164,
    21.667548321464903,
    22.500915564598166,
    23.334282807731434,
    24.1676500508647,
    25.001017293997965,
    25.83438453713123,
    26.667751780264496,
    27.501119023397763,
    28.334486266531027,
    29.16785350966429,
    30.001220752797558,
    30.834587995930825,
    31.66795523906409,
    32.50132248219735,
    33.33468972533062,
    34.16805696846389,
    35.001424211597154,
    35.834791454730414,
    36.66815869786368,
    37.50152594099695,
    38.33489318413021,
    39.168260427263476,
    40.00162767039674,
    40.83499491353001,
    41.66836215666328,
    42.50172939979654,
    43.335096642929805,
    44.16846388606307,
    45.00183112919633,
    45.8351983723296,
    46.66856561546287,
    47.501932858596135,
    48.3353001017294,
    49.16866734486266,
    50.00203458799593,
    50.8354018311292,
    51.66876907426246,
    52.502136317395724,
    53.33550356052899,
    54.16887080366226,
    55.002238046795526,
    55.835605289928786,
    56.66897253306205,
    57.50233977619532,
    58.33570701932858,
    59.16907426246185,
    60.002441505595115,
    60.83580874872838,
    61.66917599186165,
    62.50254323499491,
    63.33591047812818,
    64.16927772126144,
    65.0026449643947,
    65.83601220752797,
    66.66937945066124,
    67.5027466937945,
    68.33611393692777,
    69.16948118006104,
    70.00284842319431,
    70.83621566632756,
    71.66958290946083,
    72.5029501525941,
    73.33631739572736,
    74.16968463886063,
    75.0030518819939,
    75.83641912512716,
    76.66978636826042,
    77.50315361139369,
    78.33652085452695,
    79.16988809766022,
    80.00325534079349,
    80.83662258392675,
    81.66998982706002,
    82.50335707019329,
    83.33672431332656,
    84.17009155645981,
    85.00345879959308,
    85.83682604272634,
    86.67019328585961,
    87.50356052899288,
    88.33692777212615,
    89.17029501525941,
    90.00366225839267,
    90.83702950152593,
    91.6703967446592,
    92.50376398779247,
    93.33713123092573,
    94.170498474059,
    95.00386571719227,
    95.83723296032554,
    96.6706002034588,
    97.50396744659206,
    98.33733468972532,
    99.17070193285859,
    100.00406917599186,
    100.83743641912513,
    101.6708036622584,
    102.50417090539166,
    103.33753814852491,
    104.17090539165818,
    105.00427263479145,
    105.83763987792472,
    106.67100712105798,
    107.50437436419125,
    108.33774160732452,
    109.17110885045778,
    110.00447609359105,
    110.8378433367243,
    111.67121057985757,
    112.50457782299084,
    113.3379450661241,
    114.17131230925737,
    115.00467955239064,
    115.83804679552391,
    116.67141403865716,
    117.50478128179043,
    118.3381485249237,
    119.17151576805696,
    120.00488301119023,
    120.8382502543235,
    121.67161749745677,
    122.50498474059003,
    123.3383519837233,
    124.17171922685655,
    125.00508646998982,
    125.83845371312309,
    126.67182095625635,
    127.50518819938962,
    128.33855544252287,
    129.17192268565614,
    130.0052899287894,
    130.83865717192268,
    131.67202441505594,
    132.5053916581892,
    133.33875890132248,
    134.17212614445575,
    135.005493387589,
    135.83886063072228,
    136.67222787385555,
    137.50559511698881,
    138.33896236012208,
    139.17232960325535,
    140.00569684638862,
    140.83906408952186,
    141.67243133265512,
    142.5057985757884,
    143.33916581892166,
    144.17253306205492,
    145.0059003051882,
    145.83926754832146,
    146.67263479145473,
    147.506002034588,
    148.33936927772126,
    149.17273652085453,
    150.0061037639878,
    150.83947100712106,
    151.67283825025433,
    152.5062054933876,
    153.33957273652084,
    154.1729399796541,
    155.00630722278737,
    155.83967446592064,
    156.6730417090539,
    157.50640895218717,
    158.33977619532044,
    159.1731434384537,
    160.00651068158697,
    160.83987792472024,
    161.6732451678535,
    162.50661241098678,
    163.33997965412004,
    164.1733468972533,
    165.00671414038658,
    165.84008138351984,
    166.6734486266531,
    167.50681586978635,
    168.34018311291962,
    169.17355035605289,
    170.00691759918615,
    170.84028484231942,
    171.6736520854527,
    172.50701932858595,
    173.34038657171922,
    174.1737538148525,
    175.00712105798576,
    175.84048830111902,
    176.6738555442523,
    177.50722278738556,
    178.34059003051883,
    179.1739572736521,
    180.00732451678533,
    180.8406917599186,
    181.67405900305187,
    182.50742624618513,
    183.3407934893184,
    184.17416073245167,
    185.00752797558494,
    185.8408952187182,
    186.67426246185147,
    187.50762970498474,
    188.340996948118,
    189.17436419125127,
    190.00773143438454,
    190.8410986775178,
    191.67446592065107,
    192.50783316378434,
    193.3412004069176,
    194.17456765005085,
    195.0079348931841,
    195.84130213631738,
    196.67466937945065,
    197.50803662258392,
    198.34140386571718,
    199.17477110885045,
    200.00813835198372,
    200.84150559511698,
    201.67487283825025,
    202.50824008138352,
    203.3416073245168,
    204.17497456765005,
    205.00834181078332,
    205.8417090539166,
    206.67507629704983,
    207.5084435401831,
    208.34181078331636,
    209.17517802644963,
    210.0085452695829,
    210.84191251271616,
    211.67527975584943,
    212.5086469989827,
    213.34201424211597,
    214.17538148524923,
    215.0087487283825,
    215.84211597151577,
    216.67548321464903,
    217.5088504577823,
    218.34221770091557,
    219.17558494404884,
    220.0089521871821,
    220.84231943031534,
    221.6756866734486,
    222.50905391658188,
    223.34242115971514,
    224.1757884028484,
    225.00915564598168,
    225.84252288911495,
    226.6758901322482,
    227.50925737538148,
    228.34262461851475,
    229.17599186164801,
    230.00935910478128,
    230.84272634791455,
    231.67609359104782,
    232.50946083418108,
    233.34282807731432,
    234.1761953204476,
    235.00956256358086,
    235.84292980671412,
    236.6762970498474,
    237.50966429298066,
    238.34303153611393,
    239.1763987792472,
    240.00976602238046,
    240.84313326551373,
    241.676500508647,
    242.50986775178026,
    243.34323499491353,
    244.1766022380468,
    245.00996948118006,
    245.84333672431333,
    246.6767039674466,
    247.51007121057984,
    248.3434384537131,
    249.17680569684637,
    250.01017293997964,
    250.8435401831129,
    251.67690742624617,
    252.51027466937944,
    253.3436419125127,
    254.17700915564598,
    255.01037639877924,
    255.8437436419125,
    256.67711088504575,
    257.51047812817905,
    258.3438453713123,
    259.1772126144456,
    260.0105798575788,
    260.8439471007121,
    261.67731434384535,
    262.51068158697865,
    263.3440488301119,
    264.1774160732452,
    265.0107833163784,
    265.8441505595117,
    266.67751780264496,
    267.5108850457782,
