{
  "event": "GW190521",
  "gps": 1242442967.4,
  "distance_mpc": 3310.0,
  "used": [
    "H1",
    "L1",
    "V1"
  ],
  "flow_Hz": 20.0,
  "fhigh_Hz": 350.0,
  "tau_band_Hz": [
    35.0,
    250.0
  ],
  "nu_band_Hz": [
    30.0,
    350.0
  ],
  "tau_hl_s": -0.04060678781596638,
  "H_STAR": 9.240300160788795,
  "SCALE_EJ": 2.315130168584114,
  "E_internal": 9.670903525144712e+47,
  "energy_J": 9.670903525144712e+47,
  "m_sun": 5.4113621776247065,
  "nu_eff": {
    "nu_eff_energy": 162.30959399063963,
    "nu_eff_energy_raw": 162.1359152055777
  },
  "bw_all": {
    "f10": 52.97001747332427,
    "f50": 149.76906594828654,
    "f90": 306.4699741473854,
    "dnu_80": 253.49995667406114,
    "mu_f": 162.1359152055777,
    "sigma_f": 95.4980775107316
  },
  "bw_nu": {
    "f10": 53.02438418660503,
    "f50": 150.14751323687707,
    "f90": 306.4794166695024,
    "dnu_80": 253.4550324828974,
    "mu_f": 162.30959399063963,
    "sigma_f": 95.437841631448
  },
  "freq_Hz": [
    20.82994304312449,
    21.66314076484947,
    22.49633848657445,
    23.32953620829943,
    24.16273393002441,
    24.995931651749387,
    25.82912937347437,
    26.66232709519935,
    27.495524816924327,
    28.32872253864931,
    29.161920260374288,
    29.995117982099266,
    30.828315703824245,
    31.661513425549227,
    32.4947111472742,
    33.32790886899919,
    34.16110659072417,
    34.994304312449145,
    35.827502034174124,
    36.6606997558991,
    37.49389747762408,
    38.32709519934906,
    39.160292921074046,
    39.993490642799024,
    40.826688364524,
    41.65988608624898,
    42.49308380797396,
    43.32628152969894,
    44.15947925142392,
    44.9926769731489,
    45.82587469487388,
    46.65907241659886,
    47.49227013832384,
    48.32546786004882,
    49.158665581773796,
    49.991863303498775,
    50.82506102522376,
    51.65825874694874,
    52.49145646867372,
    53.3246541903987,
    54.157851912123675,
    54.991049633848654,
    55.82424735557363,
    56.65744507729862,
    57.4906427990236,
    58.323840520748575,
    59.157038242473554,
    59.99023596419853,
    60.82343368592351,
    61.65663140764849,
    62.489829129373476,
    63.323026851098454,
    64.15622457282343,
    64.9894222945484,
    65.82262001627339,
    66.65581773799838,
    67.48901545972335,
    68.32221318144833,
    69.1554109031733,
    69.98860862489829,
    70.82180634662326,
    71.65500406834825,
    72.48820179007323,
    73.3213995117982,
    74.15459723352319,
    74.98779495524816,
    75.82099267697315,
    76.65419039869812,
    77.4873881204231,
    78.32058584214809,
    79.15378356387306,
    79.98698128559805,
    80.82017900732302,
    81.653376729048,
    82.48657445077298,
    83.31977217249796,
    84.15296989422295,
    84.98616761594792,
    85.8193653376729,
    86.65256305939788,
    87.48576078112286,
    88.31895850284783,
    89.15215622457282,
    89.9853539462978,
    90.81855166802278,
    91.65174938974776,
    92.48494711147274,
    93.31814483319772,
    94.15134255492269,
    94.98454027664768,
    95.81773799837266,
    96.65093572009764,
    97.48413344182262,
    98.31733116354759,
    99.15052888527258,
    99.98372660699755,
    100.81692432872254,
    101.65012205044752,
    102.48331977217249,
    103.31651749389748,
    104.14971521562245,
    104.98291293734744,
    105.81611065907241,
    106.6493083807974,
    107.48250610252238,
    108.31570382424735,
    109.14890154597234,
    109.98209926769731,
    110.8152969894223,
    111.64849471114726,
    112.48169243287225,
    113.31489015459724,
    114.14808787632221,
    114.9812855980472,
    115.81448331977217,
    116.64768104149715,
    117.48087876322212,
    118.31407648494711,
    119.1472742066721,
    119.98047192839707,
    120.81366965012205,
    121.64686737184702,
    122.48006509357201,
    123.31326281529698,
    124.14646053702197,
    124.97965825874695,
    125.81285598047192,
    126.64605370219691,
    127.47925142392188,
    128.31244914564687,
    129.14564686737185,
    129.9788445890968,
    130.8120423108218,
    131.64524003254678,
    132.47843775427177,
    133.31163547599675,
    134.1448331977217,
    134.9780309194467,
    135.81122864117168,
    136.64442636289667,
    137.47762408462165,
    138.3108218063466,
    139.1440195280716,
    139.97721724979658,
    140.81041497152157,
    141.64361269324652,
    142.4768104149715,
    143.3100081366965,
    144.14320585842148,
    144.97640358014647,
    145.80960130187142,
    146.6427990235964,
    147.4759967453214,
    148.30919446704638,
    149.14239218877137,
    149.97558991049632,
    150.8087876322213,
    151.6419853539463,
    152.47518307567128,
    153.30838079739624,
    154.14157851912123,
    154.9747762408462,
    155.8079739625712,
    156.64117168429618,
    157.47436940602114,
    158.30756712774613,
    159.1407648494711,
    159.9739625711961,
    160.80716029292108,
    161.64035801464604,
    162.47355573637103,
    163.306753458096,
    164.139951179821,
    164.97314890154595,
    165.80634662327094,
    166.63954434499593,
    167.4727420667209,
    168.3059397884459,
    169.13913751017085,
    169.97233523189584,
    170.80553295362083,
    171.6387306753458,
    172.4719283970708,
    173.30512611879576,
    174.13832384052074,
    174.97152156224573,
    175.8047192839707,
    176.63791700569567,
    177.47111472742066,
    178.30431244914564,
    179.13751017087063,
    179.9707078925956,
    180.80390561432057,
    181.63710333604556,
    182.47030105777054,
    183.30349877949553,
    184.1366965012205,
    184.96989422294547,
    185.80309194467046,
    186.63628966639544,
    187.46948738812043,
    188.30268510984538,
    189.13588283157037,
    189.96908055329536,
    190.80227827502034,
    191.63547599674533,
    192.46867371847028,
    193.30187144019527,
    194.13506916192026,
    194.96826688364524,
    195.80146460537023,
    196.63466232709519,
    197.46786004882017,
    198.30105777054516,
    199.13425549227014,
    199.9674532139951,
    200.80065093572009,
    201.63384865744507,
    202.46704637917006,
    203.30024410089504,
    204.13344182262,
    204.96663954434499,
    205.79983726606997,
    206.63303498779496,
    207.46623270951994,
    208.2994304312449,
    209.1326281529699,
    209.96582587469487,
    210.79902359641986,
    211.63222131814481,
    212.4654190398698,
    213.2986167615948,
    214.13181448331977,
    214.96501220504476,
    215.79820992676972,
    216.6314076484947,
    217.4646053702197,
    218.29780309194467,
    219.13100081366963,
    219.96419853539462,
    220.7973962571196,
    221.6305939788446,
    222.46379170056957,
    223.29698942229453,
    224.13018714401952,
    224.9633848657445,
    225.7965825874695,
    226.62978030919447,
    227.46297803091943,
    228.29617575264442,
    229.1293734743694,
    229.9625711960944,
    230.79576891781934,
    231.62896663954433,
    232.46216436126932,
    233.2953620829943,
    234.1285598047193,
    234.96175752644425,
    235.79495524816923,
    236.62815296989422,
    237.4613506916192,
    238.2945484133442,
    239.12774613506915,
    239.96094385679413,
    240.79414157851912,
    241.6273393002441,
    242.46053702196906,
    243.29373474369405,
    244.12693246541903,
    244.96013018714402,
    245.793327908869,
    246.62652563059396,
    247.45972335231895,
    248.29292107404393,
    249.12611879576892,
    249.9593165174939,
    250.79251423921886,
    251.62571196094385,
    252.45890968266883,
    253.29210740439382,
    254.12530512611877,
    254.95850284784376,
    255.79170056956875,
    256.62489829129373,
    257.4580960130187,
    258.2912937347437,
    259.12449145646866,
    259.9576891781936,
    260.79088689991863,
    261.6240846216436,
    262.4572823433686,
    263.29048006509356,
    264.1236777868185,
    264.95687550854353,
    265.7900732302685,
    266.6232709519935,
    267.45646867371846,
    268.2896663954434,
