{
  "event": "GW191222_033537",
  "gps": 1261020955.1,
  "distance_mpc": 3000.0,
  "used": [
    "H1",
    "L1",
    "V1"
  ],
  "flow_Hz": 20.0,
  "fhigh_Hz": 350.0,
  "tau_band_Hz": [
    35.0,
    250.0
  ],
  "nu_band_Hz": [
    30.0,
    350.0
  ],
  "tau_hl_s": -0.0010986328125,
  "TAU_SCALE": 4.5,
  "SCALE_EJ": 0.3969686204841605,
  "PEAK_SCALE": 2.5,
  "E_internal": 1.5609427287902405e+48,
  "energy_J": 6.196452817026429e+47,
  "msun_c2": 3.4672303701831346,
  "nu_eff": {
    "nu_eff_energy": 141.5681890778804,
    "nu_eff_energy_raw": 135.74233543974077
  },
  "bw_all": {
    "f10": 36.11098145774376,
    "f50": 115.39898744065378,
    "f90": 285.6621578350528,
    "dnu_80": 249.55117637730905,
    "mu_f": 135.74233543974077,
    "sigma_f": 91.7773006264656
  },
  "bw_nu": {
    "f10": 40.39238844684363,
    "f50": 119.8137442491491,
    "f90": 288.53960028134406,
    "dnu_80": 248.14721183450044,
    "mu_f": 141.5681890778804,
    "sigma_f": 90.74115264871644
  },
  "freq_Hz": [
    21.66314076484947,
    23.32953620829943,
    24.995931651749387,
    26.66232709519935,
    28.32872253864931,
    29.995117982099266,
    31.661513425549227,
    33.32790886899919,
    34.994304312449145,
    36.6606997558991,
    38.32709519934906,
    39.993490642799024,
    41.65988608624898,
    43.32628152969894,
    44.9926769731489,
    46.65907241659886,
    48.32546786004882,
    49.991863303498775,
    51.65825874694874,
    53.3246541903987,
    54.991049633848654,
    56.65744507729862,
    58.323840520748575,
    59.99023596419853,
    61.65663140764849,
    63.323026851098454,
    64.9894222945484,
    66.65581773799838,
    68.32221318144833,
    69.98860862489829,
    71.65500406834825,
    73.3213995117982,
    74.98779495524816,
    76.65419039869812,
    78.32058584214809,
    79.98698128559805,
    81.653376729048,
    83.31977217249796,
    84.98616761594792,
    86.65256305939788,
    88.31895850284783,
    89.9853539462978,
    91.65174938974776,
    93.31814483319772,
    94.98454027664768,
    96.65093572009764,
    98.31733116354759,
    99.98372660699755,
    101.65012205044752,
    103.31651749389748,
    104.98291293734744,
    106.6493083807974,
    108.31570382424735,
    109.98209926769731,
    111.64849471114726,
    113.31489015459724,
    114.9812855980472,
    116.64768104149715,
    118.31407648494711,
    119.98047192839707,
    121.64686737184702,
    123.31326281529698,
    124.97965825874695,
    126.64605370219691,
    128.31244914564687,
    129.9788445890968,
    131.64524003254678,
    133.31163547599675,
    134.9780309194467,
    136.64442636289667,
    138.3108218063466,
    139.97721724979658,
    141.64361269324652,
    143.3100081366965,
    144.97640358014647,
    146.6427990235964,
    148.30919446704638,
    149.97558991049632,
    151.6419853539463,
    153.30838079739624,
    154.9747762408462,
    156.64117168429618,
    158.30756712774613,
    159.9739625711961,
    161.64035801464604,
    163.306753458096,
    164.97314890154595,
    166.63954434499593,
    168.3059397884459,
    169.97233523189584,
    171.6387306753458,
    173.30512611879576,
    174.97152156224573,
    176.63791700569567,
    178.30431244914564,
    179.9707078925956,
    181.63710333604556,
    183.30349877949553,
    184.96989422294547,
    186.63628966639544,
    188.30268510984538,
    189.96908055329536,
    191.63547599674533,
    193.30187144019527,
    194.96826688364524,
    196.63466232709519,
    198.30105777054516,
    199.9674532139951,
    201.63384865744507,
    203.30024410089504,
    204.96663954434499,
    206.63303498779496,
    208.2994304312449,
    209.96582587469487,
    211.63222131814481,
    213.2986167615948,
    214.96501220504476,
    216.6314076484947,
    218.29780309194467,
    219.96419853539462,
    221.6305939788446,
    223.29698942229453,
    224.9633848657445,
    226.62978030919447,
    228.29617575264442,
    229.9625711960944,
    231.62896663954433,
    233.2953620829943,
    234.96175752644425,
    236.62815296989422,
    238.2945484133442,
    239.96094385679413,
    241.6273393002441,
    243.29373474369405,
    244.96013018714402,
    246.62652563059396,
    248.29292107404393,
    249.9593165174939,
    251.62571196094385,
    253.29210740439382,
    254.95850284784376,
    256.62489829129373,
    258.2912937347437,
    259.9576891781936,
    261.6240846216436,
    263.29048006509356,
    264.95687550854353,
    266.6232709519935,
    268.2896663954434,
    269.9560618388934,
    271.62245728234336,
    273.28885272579333,
    274.9552481692433,
    276.6216436126932,
    278.2880390561432,
    279.95443449959316,
    281.62082994304313,
    283.28722538649305,
    284.953620829943,
    286.620016273393,
    288.28641171684296,
    289.95280716029293,
    291.61920260374285,
    293.2855980471928,
    294.9519934906428,
    296.61838893409276,
    298.28478437754274,
    299.95117982099265,
    301.6175752644426,
    303.2839707078926,
    304.95036615134256,
    306.6167615947925,
    308.28315703824245,
    309.9495524816924,
    311.6159479251424,
    313.28234336859236,
    314.9487388120423,
    316.61513425549225,
    318.2815296989422,
    319.9479251423922,
    321.61432058584217,
    323.2807160292921,
    324.94711147274205,
    326.613506916192,
    328.279902359642,
    329.9462978030919,
    331.6126932465419,
    333.27908868999185,
    334.9454841334418,
    336.6118795768918,
    338.2782750203417,
    339.9446704637917,
    341.61106590724165,
    343.2774613506916,
    344.9438567941416,
    346.6102522375915,
    348.2766476810415,
    349.94304312449145
  ],