{
  "event": "GW190413_052954",
  "gps": 1239168612.5,
  "distance_mpc": 3320.0,
  "used": [
    "H1",
    "L1",
    "V1"
  ],
  "flow_Hz": 20.0,
  "fhigh_Hz": 350.0,
  "tau_band_Hz": [
    35.0,
    250.0
  ],
  "nu_band_Hz": [
    30.0,
    350.0
  ],
  "tau_hl_s": -0.0054931640625,
  "TAU_SCALE": 4.5,
  "SCALE_EJ": 0.30898591835213934,
  "PEAK_SCALE": 2.5,
  "E_internal": 1.291924596766674e+48,
  "energy_J": 3.9918650797366806e+47,
  "msun_c2": 2.2336514529902387,
  "nu_eff": {
    "nu_eff_energy": 181.34271956325972,
    "nu_eff_energy_raw": 180.66539169036295
  },
  "bw_all": {
    "f10": 54.443779371292266,
    "f50": 172.96108518759945,
    "f90": 305.71896942366544,
    "dnu_80": 251.27519005237318,
    "mu_f": 180.66539169036295,
    "sigma_f": 88.86128250617598
  },
  "bw_nu": {
    "f10": 55.07119758090083,
    "f50": 173.58597844357897,
    "f90": 305.74189708189715,
    "dnu_80": 250.6706995009963,
    "mu_f": 181.34271956325972,
    "sigma_f": 88.47751422416435
  },
  "freq_Hz": [
    20.004884004884005,
    21.67195767195767,
    23.339031339031337,
    25.006105006105006,
    26.673178673178672,
    28.340252340252338,
    30.007326007326007,
    31.674399674399673,
    33.34147334147334,
    35.008547008547005,
    36.67562067562067,
    38.342694342694344,
    40.00976800976801,
    41.676841676841676,
    43.34391534391534,
    45.01098901098901,
    46.67806267806267,
    48.345136345136346,
    50.01221001221001,
    51.67928367928368,
    53.346357346357344,
    55.01343101343101,
    56.680504680504676,
    58.34757834757834,
    60.014652014652015,
    61.68172568172568,
    63.348799348799346,
    65.01587301587301,
    66.68294668294668,
    68.35002035002034,
    70.01709401709401,
    71.68416768416768,
    73.35124135124134,
    75.01831501831502,
    76.68538868538869,
    78.35246235246235,
    80.01953601953602,
    81.68660968660969,
    83.35368335368335,
    85.02075702075702,
    86.68783068783068,
    88.35490435490435,
    90.02197802197801,
    91.68905168905168,
    93.35612535612535,
    95.02319902319901,
    96.69027269027269,
    98.35734635734636,
    100.02442002442002,
    101.69149369149369,
    103.35856735856736,
    105.02564102564102,
    106.69271469271469,
    108.35978835978835,
    110.02686202686202,
    111.69393569393569,
    113.36100936100935,
    115.02808302808302,
    116.69515669515668,
    118.36223036223036,
    120.02930402930403,
    121.6963776963777,
    123.36345136345136,
    125.03052503052503,
    126.69759869759869,
    128.36467236467237,
    130.03174603174602,
    131.6988196988197,
    133.36589336589336,
    135.03296703296704,
    136.7000407000407,
    138.36711436711437,
    140.03418803418802,
    141.7012617012617,
    143.36833536833535,
    145.03540903540903,
    146.70248270248268,
    148.36955636955636,
    150.03663003663004,
    151.7037037037037,
    153.37077737077738,
    155.03785103785103,
    156.7049247049247,
    158.37199837199836,
    160.03907203907204,
    161.7061457061457,
    163.37321937321937,
    165.04029304029302,
    166.7073667073667,
    168.37444037444035,
    170.04151404151403,
    171.70858770858771,
    173.37566137566137,
    175.04273504273505,
    176.7098087098087,
    178.37688237688238,
    180.04395604395603,
    181.7110297110297,
    183.37810337810336,
    185.04517704517704,
    186.7122507122507,
    188.37932437932437,
    190.04639804639802,
    191.7134717134717,
    193.38054538054539,
    195.04761904761904,
    196.71469271469272,
    198.38176638176637,
    200.04884004884005,
    201.7159137159137,
    203.38298738298738,
    205.05006105006103,
    206.7171347171347,
    208.38420838420836,
    210.05128205128204,
    211.7183557183557,
    213.38542938542938,
    215.05250305250306,
    216.7195767195767,
    218.3866503866504,
    220.05372405372404,
    221.72079772079772,
    223.38787138787137,
    225.05494505494505,
    226.7220187220187,
    228.38909238909238,
    230.05616605616603,
    231.72323972323971,
    233.39031339031337,
    235.05738705738705,
    236.72446072446073,
    238.39153439153438,
    240.05860805860806,
    241.7256817256817,
    243.3927553927554,
    245.05982905982904,
    246.72690272690272,
    248.39397639397637,
    250.06105006105005,
    251.7281237281237,
    253.39519739519739,
    255.06227106227104,
    256.72934472934475,
    258.39641839641837,
    260.06349206349205,
    261.73056573056573,
    263.3976393976394,
    265.06471306471303,
    266.7317867317867,
    268.3988603988604,
    270.0659340659341,
    271.7330077330077,
    273.4000814000814,
    275.06715506715506,
    276.73422873422874,
    278.4013024013024,
    280.06837606837604,
    281.7354497354497,
    283.4025234025234,
    285.0695970695971,
    286.7366707366707,
    288.4037444037444,
    290.07081807081806,
    291.73789173789174,
    293.40496540496537,
    295.07203907203905,
    296.7391127391127,
    298.4061864061864,
    300.0732600732601,
    301.7403337403337,
    303.4074074074074,
    305.07448107448107,
    306.74155474155475,
    308.4086284086284,
    310.07570207570205,
    311.74277574277573,
    313.4098494098494,
    315.07692307692304,
    316.7439967439967,
    318.4110704110704,
    320.0781440781441,
    321.74521774521776,
    323.4122914122914,
    325.07936507936506,
    326.74643874643874,
    328.4135124135124,
    330.08058608058604,
    331.7476597476597,
    333.4147334147334,
    335.0818070818071,
    336.7488807488807,
    338.4159544159544,
    340.08302808302807,
    341.75010175010175,
    343.41717541717543,
    345.08424908424905,
    346.75132275132273,
    348.4183964183964
  ],